<?xml version="1.0" encoding="UTF-8" standalone="no"?>
<jbi xmlns="http://java.sun.com/xml/ns/jbi" xmlns:ns0="http://enterprise.netbeans.org/bpel/XMLExtractor/XMLExtractor" xmlns:ns1="http://j2ee.netbeans.org/wsdl/XMLExtractor/src/XMLExtractorCallback" xmlns:ns2="http://j2ee.netbeans.org/wsdl/XMLExtractor/src/XMLExtractor" xmlns:ns3="http://www.sun.com/jbi/descriptor/service-unit" version="1.0">
    <services binding-component="false">
        <provides endpoint-name="XMLExtractorPortTypeRole_myRole" interface-name="ns2:XMLExtractorPortType" service-name="ns0:Client">
            <ns3:display-name>Client</ns3:display-name>
            <ns3:process-name>XMLExtractor</ns3:process-name>
            <ns3:file-path>XMLExtractor.bpel</ns3:file-path>
        </provides>
        <consumes endpoint-name="XMLExtractorCallbackPortTypeRole_partnerRole" interface-name="ns1:XMLExtractorCallbackPortType" service-name="ns0:Callback">
            <ns3:display-name>Callback</ns3:display-name>
            <ns3:process-name>XMLExtractor</ns3:process-name>
            <ns3:file-path>XMLExtractor.bpel</ns3:file-path>
        </consumes>
    </services>
</jbi>
