<?xml version="1.0" encoding="UTF-8"?><!--
        *** GENERATED FROM jax-ws.xml - DO NOT EDIT !                             ***
        *** TO MODIFY wsimport options USE Web Service node -> Edit WS Attributes ***
        *** TO CHANGE TARGETS GENERATED TO jaxws-build.xml COPY THOSE             ***
        *** TARGETS TO ../build.xml AND MODIFY THAT FILE INSTEAD                  ***

        --><project xmlns:xalan="http://xml.apache.org/xslt" xmlns:ejbjarproject2="http://www.netbeans.org/ns/j2ee-ejbjarproject/2" xmlns:jaxws="http://www.netbeans.org/ns/jax-ws/1">
    <!--
                ===================
                JAX-WS WSGEN SECTION
                ===================
            -->
    <target name="wsgen-init" depends="init">
        <mkdir dir="${build.generated.sources.dir}/jax-ws/resources/"/>
        <property name="j2ee.platform.wsgen.classpath" value="${libs.jaxws21.classpath}"/>
        <taskdef name="wsgen" classname="com.sun.tools.ws.ant.WsGen">
            <classpath path="${j2ee.platform.wsgen.classpath}"/>
        </taskdef>
    </target>
    <target name="wsgen-compile" depends="wsgen-InfoFromIP">
        <ejbjarproject2:javac srcdir="${build.generated.sources.dir}/jax-ws" classpath="${j2ee.platform.wsgen.classpath}:${javac.classpath}" destdir="${classes.dir}"/>
    </target>
    <target name="wsgen-InfoFromIP" depends="wsgen-init, -do-compile">
        <wsgen destdir="${build.generated.sources.dir}/jax-ws" sourcedestdir="${build.generated.sources.dir}/jax-ws" resourcedestdir="${build.generated.sources.dir}/jax-ws/resources/" verbose="true" xendorsed="true" keep="false" genwsdl="true" sei="infofromip.InfoFromIP">
            <classpath path="${java.home}/../lib/tools.jar:${classes.dir}:${j2ee.platform.wsgen.classpath}:${javac.classpath}"/>
        </wsgen>
    </target>
    <!--
                ===================
                JAX-WS WSIMPORT SECTION
                ===================
            -->
    <target name="wsimport-init" depends="init">
        <fail if="${wsimport.bad.version}" message="WsImport ant task defined in the classpath ${j2ee.platform.wsimport.classpath} has a serious bug. See http://wiki.netbeans.org/MetroIssue for details."/>
        <mkdir dir="${build.generated.sources.dir}/jax-ws"/>
        <mkdir dir="${classes.dir}"/>
        <property name="j2ee.platform.wsimport.classpath" value="${libs.jaxws21.classpath}"/>
        <taskdef name="wsimport" classname="com.sun.tools.ws.ant.WsImport">
            <classpath path="${j2ee.platform.wsimport.classpath}"/>
        </taskdef>
    </target>
    <target name="wsimport-client-ip2geo" depends="wsimport-init">
        <mkdir dir="${build.generated.dir}/jax-wsCache/ip2geo"/>
        <property name="wsdl-ip2geo" location="${meta.inf}/xml-resources/web-service-references/ip2geo/wsdl/ws.cdyne.com/ip2geo/ip2geo.asmx.wsdl"/>
        <wsimport sourcedestdir="${build.generated.dir}/jax-wsCache/ip2geo" destdir="${build.generated.dir}/jax-wsCache/ip2geo" wsdl="${wsdl-ip2geo}" catalog="catalog.xml" extension="true" verbose="true" wsdlLocation="http://ws.cdyne.com/ip2geo/ip2geo.asmx?wsdl" xnocompile="true" target="2.1">
            <depends file="${wsdl-ip2geo}"/>
            <produces dir="${build.generated.dir}/jax-wsCache/ip2geo"/>
        </wsimport>
        <copy todir="${build.generated.sources.dir}/jax-ws">
            <fileset dir="${build.generated.dir}/jax-wsCache/ip2geo">
                <include name="**/*.java"/>
            </fileset>
        </copy>
    </target>
    <target name="wsimport-client-clean-ip2geo" depends="-init-project">
        <delete dir="${build.generated.dir}/jax-wsCache/ip2geo"/>
        <delete dir="${build.generated.sources.dir}/jax-ws/com/cdyne/ws"/>
    </target>
    <target name="wsimport-client-country" depends="wsimport-init">
        <mkdir dir="${build.generated.dir}/jax-wsCache/country"/>
        <property name="wsdl-country" location="${meta.inf}/xml-resources/web-service-references/country/wsdl/www.webservicex.net/country.asmx.wsdl"/>
        <wsimport sourcedestdir="${build.generated.dir}/jax-wsCache/country" destdir="${build.generated.dir}/jax-wsCache/country" wsdl="${wsdl-country}" catalog="catalog.xml" extension="true" verbose="true" wsdlLocation="http://www.webservicex.net/country.asmx?wsdl" xnocompile="true" target="2.1">
            <depends file="${wsdl-country}"/>
            <produces dir="${build.generated.dir}/jax-wsCache/country"/>
        </wsimport>
        <copy todir="${build.generated.sources.dir}/jax-ws">
            <fileset dir="${build.generated.dir}/jax-wsCache/country">
                <include name="**/*.java"/>
            </fileset>
        </copy>
    </target>
    <target name="wsimport-client-clean-country" depends="-init-project">
        <delete dir="${build.generated.dir}/jax-wsCache/country"/>
        <delete dir="${build.generated.sources.dir}/jax-ws/net/webservicex"/>
    </target>
    <target name="wsimport-client-generate" depends="wsimport-client-ip2geo, wsimport-client-country"/>
</project>
