<?xml version="1.0" encoding="UTF-8"?><!--
        *** GENERATED FROM jax-ws.xml - DO NOT EDIT !                             ***
        *** TO MODIFY wsimport options USE Web Service node -> Edit WS Attributes ***
        *** TO CHANGE TARGETS GENERATED TO jaxws-build.xml COPY THOSE             ***
        *** TARGETS TO ../build.xml AND MODIFY THAT FILE INSTEAD                  ***

        --><project xmlns:xalan="http://xml.apache.org/xslt" xmlns:j2seproject3="http://www.netbeans.org/ns/j2se-project/3" xmlns:jaxws="http://www.netbeans.org/ns/jax-ws/1">
    <!--
                ===================
                JAX-WS WSIMPORT SECTION
                ===================
            -->
    <target name="wsimport-init" depends="init">
        <mkdir dir="${build.generated.sources.dir}/jax-ws"/>
        <taskdef name="wsimport" classname="com.sun.tools.ws.ant.WsImport">
            <classpath path="${libs.jaxws21.classpath}"/>
        </taskdef>
    </target>
    <target name="wsimport-client-ip2geo" depends="wsimport-init">
        <mkdir dir="${build.generated.dir}/jax-wsCache/ip2geo"/>
        <property name="wsdl-ip2geo" location="xml-resources/web-service-references/ip2geo/wsdl/ws.cdyne.com/ip2geo/ip2geo.asmx.wsdl"/>
        <wsimport sourcedestdir="${build.generated.dir}/jax-wsCache/ip2geo" destdir="${build.generated.dir}/jax-wsCache/ip2geo" wsdl="${wsdl-ip2geo}" catalog="catalog.xml" encoding="${source.encoding}" extension="true" verbose="true" wsdlLocation="http://ws.cdyne.com/ip2geo/ip2geo.asmx?wsdl" xnocompile="true" xendorsed="true">
            <depends file="${wsdl-ip2geo}"/>
            <produces dir="${build.generated.dir}/jax-wsCache/ip2geo"/>
        </wsimport>
        <copy todir="${build.generated.sources.dir}/jax-ws">
            <fileset dir="${build.generated.dir}/jax-wsCache/ip2geo">
                <include name="**/*.java"/>
            </fileset>
        </copy>
    </target>
    <target name="wsimport-client-clean-ip2geo" depends="-init-project">
        <delete dir="${build.generated.dir}/jax-wsCache/ip2geo"/>
        <delete dir="${build.generated.sources.dir}/jax-ws/com/cdyne/ws"/>
    </target>
    <target name="wsimport-client-country" depends="wsimport-init">
        <mkdir dir="${build.generated.dir}/jax-wsCache/country"/>
        <property name="wsdl-country" location="xml-resources/web-service-references/country/wsdl/www.webservicex.net/country.asmx.wsdl"/>
        <wsimport sourcedestdir="${build.generated.dir}/jax-wsCache/country" destdir="${build.generated.dir}/jax-wsCache/country" wsdl="${wsdl-country}" catalog="catalog.xml" encoding="${source.encoding}" extension="true" verbose="true" wsdlLocation="http://www.webservicex.net/country.asmx?WSDL" xnocompile="true" xendorsed="true">
            <depends file="${wsdl-country}"/>
            <produces dir="${build.generated.dir}/jax-wsCache/country"/>
        </wsimport>
        <copy todir="${build.generated.sources.dir}/jax-ws">
            <fileset dir="${build.generated.dir}/jax-wsCache/country">
                <include name="**/*.java"/>
            </fileset>
        </copy>
    </target>
    <target name="wsimport-client-clean-country" depends="-init-project">
        <delete dir="${build.generated.dir}/jax-wsCache/country"/>
        <delete dir="${build.generated.sources.dir}/jax-ws/net/webservicex"/>
    </target>
    <target name="wsimport-client-generate" depends="wsimport-client-ip2geo, wsimport-client-country"/>
</project>
