<?xml version="1.0" encoding="UTF-8"?>
<project-private xmlns="http://www.netbeans.org/ns/project-private/1">
    <editor-bookmarks xmlns="http://www.netbeans.org/ns/editor-bookmarks/2" lastBookmarkId="0"/>
    <open-files xmlns="http://www.netbeans.org/ns/projectui-open-files/1">
        <file>file:/C:/Users/Jacopo/Documents/openesb-workspace/hw3/qianying/CalculatorCA/src/conf/CalculatorCA.casa</file>
        <file>file:/C:/Users/Jacopo/Documents/openesb-workspace/hw3/qianying/CalculatorCA/test/Division%20EQUAL%20TO%20ZERO/Input.xml</file>
        <file>file:/C:/Users/Jacopo/Documents/openesb-workspace/hw3/qianying/CalculatorCA/test/results/Division%20EQUAL%20TO%20ZERO/Actual_20161020141822_S.xml</file>
        <file>file:/C:/Users/Jacopo/Documents/openesb-workspace/hw3/qianying/CalculatorCA/test/results/Division%20NOT%20EQUAL%20TO%20ZERO/Actual_20161020141833_S.xml</file>
        <file>file:/C:/Users/Jacopo/Documents/openesb-workspace/hw3/qianying/CalculatorCA/test/Division%20NOT%20EQUAL%20TO%20ZERO/Input.xml</file>
        <file>file:/C:/Users/Jacopo/Documents/openesb-workspace/hw3/qianying/CalculatorCA/test/Multiply/Input.xml</file>
        <file>file:/C:/Users/Jacopo/Documents/openesb-workspace/hw3/qianying/CalculatorCA/test/Multiply/Output.xml</file>
        <file>file:/C:/Users/Jacopo/Documents/openesb-workspace/hw3/qianying/CalculatorCA/test/results/Multiply/Actual_20161020141903_F.xml</file>
        <file>file:/C:/Users/Jacopo/Documents/openesb-workspace/hw3/qianying/CalculatorCA/test/Subtract/Input.xml</file>
        <file>file:/C:/Users/Jacopo/Documents/openesb-workspace/hw3/qianying/CalculatorCA/test/Subtract/Output.xml</file>
        <file>file:/C:/Users/Jacopo/Documents/openesb-workspace/hw3/qianying/CalculatorCA/test/Sum/Input.xml</file>
        <file>file:/C:/Users/Jacopo/Documents/openesb-workspace/hw3/qianying/CalculatorCA/test/Sum/Output.xml</file>
        <file>file:/C:/Users/Jacopo/Documents/openesb-workspace/hw3/qianying/CalculatorCA/test/results/Sum/Actual_20161020141928_F.xml</file>
    </open-files>
</project-private>
