<?xml version="1.0" encoding="UTF-8" standalone="no"?>
<jbi xmlns="http://java.sun.com/xml/ns/jbi" xmlns:ns0="http://enterprise.netbeans.org/bpel/Strcat/strcat" xmlns:ns1="http://j2ee.netbeans.org/wsdl/Strcat/src/Strcat" xmlns:ns2="http://www.sun.com/jbi/descriptor/service-unit" version="1.0">
    <services binding-component="false">
        <provides endpoint-name="StrcatPortTypeRole_myRole" interface-name="ns1:StrcatPortType" service-name="ns0:Customer">
            <ns2:display-name>Customer</ns2:display-name>
            <ns2:process-name>strcat</ns2:process-name>
            <ns2:file-path>strcat.bpel</ns2:file-path>
        </provides>
    </services>
</jbi>
