<?xml version="1.0" encoding="UTF-8" standalone="no"?>
<jbi xmlns="http://java.sun.com/xml/ns/jbi" xmlns:ns0="http://enterprise.netbeans.org/bpel/Calculator/calculator" xmlns:ns1="http://j2ee.netbeans.org/wsdl/Calculator/src/Calculator" xmlns:ns2="http://www.sun.com/jbi/descriptor/service-unit" version="1.0">
    <services binding-component="false">
        <provides endpoint-name="CalculatorPortTypeRole_myRole" interface-name="ns1:CalculatorPortType" service-name="ns0:CalculatorLink">
            <ns2:display-name>CalculatorLink</ns2:display-name>
            <ns2:process-name>calculator</ns2:process-name>
            <ns2:file-path>calculator.bpel</ns2:file-path>
        </provides>
    </services>
</jbi>
