<?xml version="1.0" encoding="UTF-8" standalone="no"?>
<jbi xmlns="http://java.sun.com/xml/ns/jbi" xmlns:ns0="http://enterprise.netbeans.org/bpel/CurrencyFromIP/currencyFromIP" xmlns:ns1="http://j2ee.netbeans.org/wsdl/CurrencyFromIP/src/CurrencyFromIP" xmlns:ns2="http://ws.cdyne.com/" xmlns:ns3="http://www.webserviceX.NET" xmlns:ns4="http://www.sun.com/jbi/descriptor/service-unit" version="1.0">
    <services binding-component="false">
        <provides endpoint-name="CurrencyFromIPPortTypeRole_myRole" interface-name="ns1:CurrencyFromIPPortType" service-name="ns0:Client">
            <ns4:display-name>Client</ns4:display-name>
            <ns4:process-name>currencyFromIP</ns4:process-name>
            <ns4:file-path>currencyFromIP.bpel</ns4:file-path>
        </provides>
        <consumes endpoint-name="IP2GeoSoapRole_partnerRole" interface-name="ns2:IP2GeoSoap" service-name="ns0:IP2Geo">
            <ns4:display-name>IP2Geo</ns4:display-name>
            <ns4:process-name>currencyFromIP</ns4:process-name>
            <ns4:file-path>currencyFromIP.bpel</ns4:file-path>
        </consumes>
        <consumes endpoint-name="countrySoapRole_partnerRole" interface-name="ns3:countrySoap" service-name="ns0:Country">
            <ns4:display-name>Country</ns4:display-name>
            <ns4:process-name>currencyFromIP</ns4:process-name>
            <ns4:file-path>currencyFromIP.bpel</ns4:file-path>
        </consumes>
    </services>
</jbi>
