<?xml version="1.0" encoding="UTF-8" standalone="no"?>
<jbi xmlns="http://java.sun.com/xml/ns/jbi" xmlns:ns0="http://enterprise.netbeans.org/bpel/Mendeleev/mendeleev" xmlns:ns1="http://www.webserviceX.NET" xmlns:ns2="http://j2ee.netbeans.org/wsdl/XMLExtractor/src/XMLExtractor" xmlns:ns3="http://j2ee.netbeans.org/wsdl/Mendeleev/src/Mendeleev" xmlns:ns4="http://j2ee.netbeans.org/wsdl/XMLExtractor/src/XMLExtractorCallback" xmlns:ns5="http://www.sun.com/jbi/descriptor/service-unit" version="1.0">
    <services binding-component="false">
        <provides endpoint-name="MendeleevPortTypeRole_myRole" interface-name="ns3:MendeleevPortType" service-name="ns0:Client">
            <ns5:display-name>Client</ns5:display-name>
            <ns5:process-name>mendeleev</ns5:process-name>
            <ns5:file-path>mendeleev.bpel</ns5:file-path>
        </provides>
        <provides endpoint-name="XMLExtractorCallbackPortTypeRole_myRole" interface-name="ns4:XMLExtractorCallbackPortType" service-name="ns0:XMLExtractorCallback">
            <ns5:display-name>XMLExtractorCallback</ns5:display-name>
            <ns5:process-name>mendeleev</ns5:process-name>
            <ns5:file-path>mendeleev.bpel</ns5:file-path>
        </provides>
        <consumes endpoint-name="periodictableSoapRole_partnerRole" interface-name="ns1:periodictableSoap" service-name="ns0:PeriodicTable">
            <ns5:display-name>PeriodicTable</ns5:display-name>
            <ns5:process-name>mendeleev</ns5:process-name>
            <ns5:file-path>mendeleev.bpel</ns5:file-path>
        </consumes>
        <consumes endpoint-name="XMLExtractorPortTypeRole_partnerRole" interface-name="ns2:XMLExtractorPortType" service-name="ns0:XMLExtractor">
            <ns5:display-name>XMLExtractor</ns5:display-name>
            <ns5:process-name>mendeleev</ns5:process-name>
            <ns5:file-path>mendeleev.bpel</ns5:file-path>
        </consumes>
    </services>
</jbi>
